V (V), Freq (Hz), C (F), G (S)
0.0,1000.0,-5.511723e-14,3.536165e-10
