V (V), Freq (Hz), C (F), G (S)
0.0,1000.0,-1.866578e-13,-2.730813e-10
