V (V), Freq (Hz), C (F), G (S)
0.0,1000.0,-1.109084e-13,4.278855e-11
