V (V), Freq (Hz), C (F), G (S)
0.0,1000.0,-1.693525e-13,5.905655e-11
