V (V), Freq (Hz), C (F), G (S)
0.0,1000.0,-1.361337e-13,1.281231e-11
