V (V), Freq (Hz), C (F), G (S)
0.0,1000.0,-1.358683e-13,4.11194e-11
